Hierarchy,d.f.,Sum of Squares,Percent variation,P,Sigma,Phi statistic
Between Region,13,10.194588095068932,8.449826287899214,0.032,0.018805852366189833,0.08449826287899213
Between Source within Region,8,2.7362488134925336,-2.2881792555223512,0.498,-0.005092549811154741,-0.024993718337640986
Between Year within Source,22,9.36791670990389,16.275420418568974,0.001,0.03622241962862591,0.17344102814959303
Within Year,274,47.298789400021846,77.56293254905417,0.001,0.17262331897818192,0.2243706745094583
