Region,Mean Aggressiveness,Group
MN,5.836363636363636,a
ND,5.77,a
NE,5.2893617021276595,ab
MI,5.129032258064516,abc
OR,4.841176470588235,abcd
CO,4.723809523809524,bcd
WA,4.672881355932203,cd
France,4.659090909090909,cd
Mexico,4.583333333333333,cd
Australia,4.116666666666666,cd
CA,4.011111111111111,d
